{
  "map50": 0.9598542764240715,
  "map": 0.8022874206371137,
  "precision": 0.9826185197839745,
  "recall": 0.6424639364297704
}